Workbook

Sheet How to use
A1: Parthia Health — Heart Failure Clinical Knowledge Base
A2: Purpose | B2: Organizes the clinical knowledge the safety engine and AI agents use. Every rule and card must trace back to a registered source.
A4: Sheets
A5: Source register | B5: One row per source document (guideline, decision pathway, statement, drug label, patient education). Record version, license status and whether full text may be stored.
A6: Rules | B6: Deterministic logic for the safety engine: thresholds and yes/no checks. The software engineer turns each approved row into code and a test.
A7: Recommendation cards | B7: One guideline recommendation per row, written in your own words, with metadata. Loaded into the knowledge base for agents to retrieve and cite.
A8: Domain tracker | B8: Progress for the 10 clinical domains: targets (blue, editable) and approved counts (automatic).
A9: Thresholds | B9: Reference ranges, heart failure targets, alert and urgent limits for each measurement, with the order agents use to pick a threshold.
A10: Dictionary guide | B10: What to enter in each column, how agents must use the dictionary, and which sources complete it.
A11: Data dictionary | B11: The patient data we capture and why. Each element lists the rules that need it, its standard code, source and frequency.
A12: Test cases | B12: Clinical scenarios with the expected findings, including negative tests. Engineers run these after every change.
A13: Lists | B13: Allowed values for the dropdown columns. Edit here to add options.
A15: How to fill it in
A16: 1 | B16: Add each new source to the Source register first and give it an ID (S01, S02…).
A17: 2 | B17: Extract rules and cards from that source; put its Source ID in every row.
A18: 3 | B18: Write recommendations in your own words (copyright). Note the section/page so anyone can verify.
A19: 4 | B19: Set Review status. Only rows marked 'Approved' are used by the app.
A20: 5 | B20: A second clinician reviews every row before approval; fill in Reviewed by and Date reviewed.
A22: Legend
A23: Shaded rows | B23: Pre-filled DRAFT examples. Thresholds, classes of recommendation and levels of evidence must be verified against the original source before approval.
A24: Dropdown columns | B24: Category, Severity, Agent, Review status, License status and similar columns use lists from the Lists sheet.
A26: Status summary
A27: Sheet | B27: Draft – verify | C27: In review | D27: Approved | E27: Retired
A28: Rules | B28: =COUNTIF(Rules!Q:Q,"Draft – verify") -> 22 | C28: =COUNTIF(Rules!Q:Q,"In review") -> 0 | D28: =COUNTIF(Rules!Q:Q,"Approved") -> 0 | E28: =COUNTIF(Rules!Q:Q,"Retired") -> 0
A29: Recommendation cards | B29: =COUNTIF('Recommendation cards'!M:M,"Draft – verify") -> 6 | C29: =COUNTIF('Recommendation cards'!M:M,"In review") -> 0 | D29: =COUNTIF('Recommendation cards'!M:M,"Approved") -> 0 | E29: =COUNTIF('Recommendation cards'!M:M,"Retired") -> 0

Sheet Domain tracker
A1: Domain | B1: Key question for the agents | C1: Week | D1: Main sources | E1: Target rules | F1: Rules approved | G1: Target cards | H1: Cards approved | I1: Target tests | J1: Tests ready or passed | K1: Status | L1: Notes
A2: 1. Drugs that worsen HF | B2: Is a new medicine harmful in heart failure? | C2: 1 | D2: S01; S07 | E2: 5 | F2: =COUNTIFS(Rules!$T:$T,$A2,Rules!$Q:$Q,"Approved") -> 0 | G2: 6 | H2: =COUNTIFS('Recommendation cards'!$Q:$Q,$A2,'Recommendation cards'!$M:$M,"Approved") -> 0 | I2: 4 | J2: =COUNTIFS('Test cases'!$B:$B,$A2,'Test cases'!$J:$J,"Ready")+COUNTIFS('Test cases'!$B:$B,$A2,'Test cases'!$J:$J,"Passed") -> 0 | K2: Not started
A3: 2. Potassium & kidney | B3: Are potassium or kidney values unsafe for current medicines? | C3: 1 | D3: S01; S09 | E3: 4 | F3: =COUNTIFS(Rules!$T:$T,$A3,Rules!$Q:$Q,"Approved") -> 0 | G3: 5 | H3: =COUNTIFS('Recommendation cards'!$Q:$Q,$A3,'Recommendation cards'!$M:$M,"Approved") -> 0 | I3: 4 | J3: =COUNTIFS('Test cases'!$B:$B,$A3,'Test cases'!$J:$J,"Ready")+COUNTIFS('Test cases'!$B:$B,$A3,'Test cases'!$J:$J,"Passed") -> 0 | K3: Not started
A4: 3. Diuretics & congestion | B4: Does weight gain plus symptoms suggest fluid retention? | C4: 2 | D4: S01; S12 | E4: 2 | F4: =COUNTIFS(Rules!$T:$T,$A4,Rules!$Q:$Q,"Approved") -> 0 | G4: 4 | H4: =COUNTIFS('Recommendation cards'!$Q:$Q,$A4,'Recommendation cards'!$M:$M,"Approved") -> 0 | I4: 3 | J4: =COUNTIFS('Test cases'!$B:$B,$A4,'Test cases'!$J:$J,"Ready")+COUNTIFS('Test cases'!$B:$B,$A4,'Test cases'!$J:$J,"Passed") -> 0 | K4: Not started
A5: 4. Core HF medicines | B5: Are guideline medicines present; any contraindications? | C5: 3 | D5: S01; S02; S03 | E5: 4 | F5: =COUNTIFS(Rules!$T:$T,$A5,Rules!$Q:$Q,"Approved") -> 0 | G5: 8 | H5: =COUNTIFS('Recommendation cards'!$Q:$Q,$A5,'Recommendation cards'!$M:$M,"Approved") -> 0 | I5: 4 | J5: =COUNTIFS('Test cases'!$B:$B,$A5,'Test cases'!$J:$J,"Ready")+COUNTIFS('Test cases'!$B:$B,$A5,'Test cases'!$J:$J,"Passed") -> 0 | K5: Not started
A6: 5. BP & heart rate | B6: Are low BP / heart rate with symptoms a medication issue? | C6: 2 | D6: S02 | E6: 2 | F6: =COUNTIFS(Rules!$T:$T,$A6,Rules!$Q:$Q,"Approved") -> 0 | G6: 3 | H6: =COUNTIFS('Recommendation cards'!$Q:$Q,$A6,'Recommendation cards'!$M:$M,"Approved") -> 0 | I6: 3 | J6: =COUNTIFS('Test cases'!$B:$B,$A6,'Test cases'!$J:$J,"Ready")+COUNTIFS('Test cases'!$B:$B,$A6,'Test cases'!$J:$J,"Passed") -> 0 | K6: Not started
A7: 6. Comorbidity medicines | B7: Do diabetes, anticoagulation, CKD, pain or sleep medicines conflict with HF? | C7: 3 | D7: S04; S09; S11 | E7: 4 | F7: =COUNTIFS(Rules!$T:$T,$A7,Rules!$Q:$Q,"Approved") -> 0 | G7: 6 | H7: =COUNTIFS('Recommendation cards'!$Q:$Q,$A7,'Recommendation cards'!$M:$M,"Approved") -> 0 | I7: 4 | J7: =COUNTIFS('Test cases'!$B:$B,$A7,'Test cases'!$J:$J,"Ready")+COUNTIFS('Test cases'!$B:$B,$A7,'Test cases'!$J:$J,"Passed") -> 0 | K7: Not started
A8: 7. Older adults | B8: Beers criteria, anticholinergic burden, fall risk | C8: 4 | D8: S08 | E8: 3 | F8: =COUNTIFS(Rules!$T:$T,$A8,Rules!$Q:$Q,"Approved") -> 0 | G8: 5 | H8: =COUNTIFS('Recommendation cards'!$Q:$Q,$A8,'Recommendation cards'!$M:$M,"Approved") -> 0 | I8: 3 | J8: =COUNTIFS('Test cases'!$B:$B,$A8,'Test cases'!$J:$J,"Ready")+COUNTIFS('Test cases'!$B:$B,$A8,'Test cases'!$J:$J,"Passed") -> 0 | K8: Not started
A9: 8. Nutrition | B9: Sodium, fluids, potassium salt substitutes, alcohol | C9: 4 | D9: S01; S13 | E9: 2 | F9: =COUNTIFS(Rules!$T:$T,$A9,Rules!$Q:$Q,"Approved") -> 0 | G9: 5 | H9: =COUNTIFS('Recommendation cards'!$Q:$Q,$A9,'Recommendation cards'!$M:$M,"Approved") -> 0 | I9: 3 | J9: =COUNTIFS('Test cases'!$B:$B,$A9,'Test cases'!$J:$J,"Ready")+COUNTIFS('Test cases'!$B:$B,$A9,'Test cases'!$J:$J,"Passed") -> 0 | K9: Not started
A10: 9. Mental health & adherence | B10: Do mood changes explain missed doses? | C10: 4 | D10: S15; S01 | E10: 2 | F10: =COUNTIFS(Rules!$T:$T,$A10,Rules!$Q:$Q,"Approved") -> 0 | G10: 4 | H10: =COUNTIFS('Recommendation cards'!$Q:$Q,$A10,'Recommendation cards'!$M:$M,"Approved") -> 0 | I10: 3 | J10: =COUNTIFS('Test cases'!$B:$B,$A10,'Test cases'!$J:$J,"Ready")+COUNTIFS('Test cases'!$B:$B,$A10,'Test cases'!$J:$J,"Passed") -> 0 | K10: Not started
A11: 10. Red flags | B11: Which symptoms need urgent action, bypassing analysis? | C11: 4 | D11: S12; S15 | E11: 2 | F11: =COUNTIFS(Rules!$T:$T,$A11,Rules!$Q:$Q,"Approved") -> 0 | G11: 3 | H11: =COUNTIFS('Recommendation cards'!$Q:$Q,$A11,'Recommendation cards'!$M:$M,"Approved") -> 0 | I11: 3 | J11: =COUNTIFS('Test cases'!$B:$B,$A11,'Test cases'!$J:$J,"Ready")+COUNTIFS('Test cases'!$B:$B,$A11,'Test cases'!$J:$J,"Passed") -> 0 | K11: Not started
A12: Total | E12: =SUM(E2:E11) -> 30 | F12: =SUM(F2:F11) -> 0 | G12: =SUM(G2:G11) -> 49 | H12: =SUM(H2:H11) -> 0 | I12: =SUM(I2:I11) -> 34 | J12: =SUM(J2:J11) -> 0
A14: Blue numbers are targets you can edit. Approved/ready counts update automatically from the Rules, Recommendation cards and Test cases sheets.

Sheet Source register
A1: Source ID | B1: Title | C1: Organization | D1: Year / version | E1: Source type | F1: Scope | G1: Audience | H1: Link or DOI | I1: License status | J1: Full text storable | K1: Source status | L1: Date accessed | M1: Notes
A2: S01 | B2: 2022 AHA/ACC/HFSA Guideline for the Management of Heart Failure | C2: AHA / ACC / HFSA | D2: 2022 | E2: Guideline | F2: All HF | G2: Clinician | H2: doi:10.1161/CIR.0000000000001063 | I2: Copyrighted – permission needed | J2: To check | K2: Current | M2: Primary U.S. guideline. Write cards in own words.
A3: S02 | B3: 2024 ACC Expert Consensus Decision Pathway for Treatment of HFrEF | C3: ACC | D3: 2024 | E3: Decision pathway | F3: HFrEF | G3: Clinician | H3: Add link/DOI | I3: Copyrighted – permission needed | J3: To check | K3: Current | M3: Sequencing, titration, monitoring during dose changes.
A4: S03 | B4: 2026 ACC Expert Consensus Decision Pathway: Management of HFpEF | C4: ACC | D4: 2026 | E4: Decision pathway | F4: HFpEF | G4: Clinician | H4: Add link/DOI | I4: Copyrighted – permission needed | J4: To check | K4: Current | M4: Key for Margaret persona (HFpEF).
A5: S04 | B5: 2026 AHA/ACC/ADA/ASN Guideline: Cardiovascular-Kidney-Metabolic Syndrome | C5: AHA / ACC / ADA / ASN | D5: 2026 | E5: Guideline | F5: Kidney / diabetes | G5: Clinician | H5: doi:10.1161/CIR.0000000000001453 | I5: Copyrighted – permission needed | J5: To check | K5: Current | M5: Diabetes and CKD overlap.
A6: S05 | B6: Second Universal Definition of Heart Failure | C6: AHA / ACC / ESC / WHF | D6: 2026 | E6: Consensus definition | F6: All HF | G6: Clinician | H6: doi:10.1161/CIR.0000000000001455 | I6: Copyrighted – permission needed | J6: To check | K6: Current | M6: Terminology for the data model.
A7: S06 | B7: 2026 ESC Guidelines for the Management of Heart Failure | C7: ESC | D7: 2026 | E7: Guideline | F7: All HF | G7: Clinician | H7: Add link/DOI | I7: Copyrighted – permission needed | J7: To check | K7: Current | M7: Secondary reference. Uses different LVEF categories than U.S.
A8: S07 | B8: Drugs That May Cause or Exacerbate Heart Failure (AHA Scientific Statement, Page et al.) | C8: AHA | D8: 2016 | E8: Scientific statement | F8: All HF | G8: Clinician | H8: Add link/DOI | I8: Copyrighted – permission needed | J8: To check | K8: To verify | M8: Core for pharmacist agent. Check for a newer update.
A9: S08 | B9: AGS Beers Criteria for Potentially Inappropriate Medication Use in Older Adults | C9: American Geriatrics Society | D9: Latest edition | E9: Criteria | F9: Older adults | G9: Clinician | H9: Add link/DOI | I9: Copyrighted – permission needed | J9: To check | K9: To verify | M9: Confirm latest edition year.
A10: S09 | B10: FDA drug labels (Structured Product Labeling) | C10: NLM DailyMed / FDA | D10: Per drug | E10: Drug label | F10: Drug information | G10: Clinician | H10: https://dailymed.nlm.nih.gov | I10: Public domain | J10: Yes | K10: Current | M10: Use SPL XML, not PDF. ~30 drugs for MVP.
A11: S10 | B11: RxNorm | C11: National Library of Medicine | D11: Monthly | E11: Terminology | F11: Drug information | G11: Clinician | H11: https://www.nlm.nih.gov/research/umls/rxnorm | I11: Free with registration | J11: Yes | K11: Current | M11: Drug names and codes.
A12: S11 | B12: Licensed drug-interaction database (Lexicomp, Medi-Span or First Databank) | C12: Vendor | D12: Current | E12: Drug database | F12: Drug information | G12: Clinician | H12: Add link/DOI | I12: Licensed product – purchase | J12: No | K12: To verify | M12: Replaces illustrative interaction tables.
A13: S12 | B13: HFSA / AHA heart failure patient education | C13: HFSA / AHA | D13: Current | E13: Patient education | F13: Self-care | G13: Patient | H13: Add link/DOI | I13: To check | J13: To check | K13: To verify | M13: Plain-language explanations; self-care thresholds.
... A18: S15 | B18: PHQ-2 / PHQ-9 | C18: Pfizer (free to use) | D18: Current | E18: Questionnaire | F18: All HF | G18: Patient | H18: Add link/DOI | I18: To check | J18: Yes | K18: Current | M18: Depression screening; item 9 safety response.

Sheet Data dictionary
A1: Element ID | B1: Data element | C1: Category | D1: Definition | E1: Data type | F1: Unit | G1: Code system | H1: Code (verify) | I1: Data source | J1: Frequency | K1: Valid for analysis (verify) | L1: Priority | M1: Required by rules | N1: Used by agent | O1: Justification (source ID) | P1: Status | Q1: Notes
A2: D001 | B2: Heart failure diagnosis | C2: Profile | D2: Active diagnosis of heart failure | E2: Coded | F2: n/a | G2: SNOMED CT | H2: 84114007 | I2: EHR | J2: When it changes | K2: Until changed | L2: MVP | M2: R01; R04; R05; R10 | N2: All | O2: S01 | P2: In review
A3: D002 | B3: LVEF value and date | C3: Profile | D3: Most recent left ventricular ejection fraction with measurement date | E3: Number + date | F3: % | G3: LOINC | H3: 10230-1 | I3: EHR / scan | J3: When it changes | K3: 12 months | L3: MVP | M3: R04 | N3: Cardiology | O3: S01; S05 | P3: In review | Q3: Drives HFrEF vs HFpEF
A4: D003 | B4: HF phenotype | C4: Profile | D4: HFrEF or HFpEF, derived from LVEF using U.S. definitions | E4: Category | F4: n/a | G4: Internal | H4: n/a | I4: Calculated | J4: When LVEF changes | K4: Until LVEF changes | L4: MVP | M4: R02; R03; R04 | N4: All | O4: S01; S05 | P4: In review | Q4: U.S. and ESC thresholds differ
A5: D004 | B5: Comorbidities | C5: Profile | D5: CKD, diabetes, atrial fibrillation, hypertension, depression, cognitive impairment, COPD | E5: Coded list | F5: n/a | G5: SNOMED / ICD-10 | H5: Per condition | I5: EHR | J5: When it changes | K5: Until changed | L5: MVP | M5: R10 | N5: All | O5: S01; S04 | P5: In review
A6: D005 | B6: Medication list | C6: Medications | D6: All active medicines incl. OTC and supplements: name, dose, frequency, start/change/stop dates, prescriber | E6: Coded list | F6: n/a | G6: RxNorm | H6: Per drug | I6: EHR / scan | J6: Every change | K6: Current list only | L6: MVP | M6: All medication rules | N6: Pharmacist | O6: S01; S09 | P6: In review | Q6: Patient must confirm
A7: D006 | B7: Missed doses and reason | C7: Adherence | D7: Missed doses in past 7 days and main reason | E7: Number + category | F7: doses | G7: Internal | H7: n/a | I7: Patient | J7: Weekly | K7: 7 days | L7: MVP | N7: Behavioral health | O7: S01 | P7: In review | Q7: Reasons: cost, side effects, forgot, diuretic timing
A8: D007 | B8: Potassium | C8: Labs | D8: Serum potassium with result date | E8: Number + date | F8: mEq/L | G8: LOINC | H8: 2823-3 | I8: EHR / scan | J8: Each result | K8: 90 days; 14 days after MRA/RAAS start or dose change | L8: MVP | M8: R02; R07 | N8: Pharmacist | O8: S01 | P8: In review
A9: D008 | B9: Sodium | C9: Labs | D9: Serum sodium with result date | E9: Number + date | F9: mEq/L | G9: LOINC | H9: 2951-2 | I9: EHR / scan | J9: Each result | K9: 90 days | L9: MVP | N9: Pharmacist | O9: S01 | P9: In review
A10: D009 | B10: Creatinine / eGFR | C10: Labs | D10: Serum creatinine and eGFR with result date | E10: Number + date | F10: mg/dL; mL/min/1.73m² | G10: LOINC | H10: 2160-0; 98979-8 | I10: EHR / scan | J10: Each result | K10: 90 days; 14 days after MRA/RAAS start or dose change | L10: MVP | M10: R03 | N10: Pharmacist | O10: S01; S04 | P10: In review
A11: D010 | B11: BNP or NT-proBNP | C11: Labs | D11: Natriuretic peptide with result date | E11: Number + date | F11: pg/mL | G11: LOINC | H11: 30934-4; 33762-6 | I11: EHR / scan | J11: Each result | K11: 12 months | L11: MVP | N11: Cardiology | O11: S01 | P11: In review
A12: D011 | B12: Body weight | C12: Home monitoring | D12: Morning weight, daily | E12: Number + date | F12: kg | G12: LOINC | H12: 29463-7 | I12: Device / patient | J12: Daily | K12: 2 days | L12: MVP | M12: R08 | N12: Cardiology | O12: S01; S12 | P12: In review | Q12: Most important home signal
A13: D012 | B13: Blood pressure | C13: Home monitoring | D13: Systolic and diastolic home readings | E13: Number + time | F13: mmHg | G13: LOINC | H13: 8480-6; 8462-4 | I13: Device / patient | J13: Daily or several/week | K13: 7 days | L13: MVP | M13: R09 | N13: Cardiology | O13: S02 | P13: In review
A14: D013 | B14: Heart rate | C14: Home monitoring | D14: Resting heart rate | E14: Number + time | F14: beats/min | G14: LOINC | H14: 8867-4 | I14: Device | J14: Daily | K14: 7 days | L14: MVP | N14: Cardiology | O14: S02 | P14: In review
A15: D014 | B15: Symptoms checklist | C15: Symptoms | D15: Breathlessness, orthopnea, swelling, dizziness, fatigue; red flags: chest pain, fainting, severe breathlessness | E15: Checklist | F15: n/a | G15: Internal | H15: n/a | I15: Patient | J15: Daily (under 1 minute) | K15: 1 day | L15: MVP | M15: R09; urgent pathway | N15: Cardiology | O15: S01; S12 | P15: In review | Q15: Red flags go to urgent pathway
A16: D015 | B16: Diet risk tags | C16: Nutrition | D16: High-sodium meal, potassium salt substitute, alcohol, fluid amount if restricted, grapefruit, vitamin K | E16: Tags | F16: n/a | G16: Internal | H16: n/a | I16: Patient | J16: When relevant | K16: 14 days | L16: MVP | M16: R07 | N16: Nutrition | O16: S01; S13 | P16: In review | Q16: From meal AI tagging, confirmed by patient
A17: D016 | B17: PHQ-2 / PHQ-9 | C17: Mental health | D17: Depression screening scores; PHQ-9 item 9 answer | E17: Score | F17: points | G17: LOINC | H17: 55758-7; 44261-6 | I17: Patient | J17: Monthly | K17: 30 days | L17: MVP | M17: Urgent pathway (item 9) | N17: Behavioral health | O17: S15 | P17: In review
A18: D017 | B18: Hospital and ER visits, falls | C18: Events | D18: Date and reason of hospitalizations, ER visits and falls | E18: Event list | F18: n/a | G18: Internal | H18: n/a | I18: EHR / patient | J18: When they happen | K18: 12 months | L18: MVP | N18: All | O18: S01 | P18: In review
A19: D018 | B19: Magnesium | C19: Labs | D19: Serum magnesium (diuretics, digoxin) | E19: Number + date | F19: mg/dL | G19: LOINC | H19: 19123-9 | I19: EHR / scan | J19: Each result | K19: 90 days | L19: Later | N19: Pharmacist | O19: S01 | P19: Draft – verify
A20: D019 | B20: INR | C20: Labs | D20: INR if on warfarin | E20: Number + date | F20: ratio | G20: LOINC | H20: 6301-6 | I20: EHR / scan | J20: Each result | K20: 30 days | L20: Later | N20: Pharmacist | O20: S09 | P20: Draft – verify
A21: D020 | B21: HbA1c | C21: Labs | D21: Glycated hemoglobin if diabetic | E21: Number + date | F21: % | G21: LOINC | H21: 4548-4 | I21: EHR / scan | J21: Each result | K21: 6 months | L21: Later | N21: Pharmacist | O21: S04 | P21: Draft – verify

Sheet Thresholds
A1: Threshold ID | B1: Element ID | C1: Measure | D1: Unit | E1: Usual reference range | F1: Target in heart failure | G1: Alert LOW | H1: Alert HIGH | I1: URGENT (red flag) | J1: Context / conditions | K1: Patient-specific override? | L1: Source ID | M1: Status | N1: Notes
A2: T01 | B2: D007 | C2: Potassium | D2: mEq/L | E2: 3.5–5.0 (use the lab's own range if reported) | F2: Keep below 5.0 when starting/continuing MRA | G2: < 3.5 (higher concern with digoxin or loop diuretics) | H2: ≥ 5.5 on MRA/RAAS inhibitors (R02) | I2: ≥ 6.0 or < 3.0 | J2: Check 1–2 weeks after starting or changing MRA/RAAS inhibitor | K2: No | L2: S01; S09 | M2: Draft – verify
A3: T02 | B3: D008 | C3: Sodium | D3: mEq/L | E3: 135–145 (lab range) | F3: No specific target | G3: < 130 | H3: > 145 | I3: < 125 | J3: Low sodium often with diuretics; trend matters | K3: No | L3: S01 | M3: Draft – verify
A4: T03 | B4: D009 | C4: eGFR | D4: mL/min/1.73m² | E4: ≥ 60 normal kidney function | F4: Track trend from patient baseline | G4: ≤ 30 (MRA eligibility; metformin contraindicated < 30) | H4: n/a | I4: Drop ≥ 30% from baseline within weeks | J4: Some creatinine rise is expected after starting RAAS inhibitors/SGLT2i; clinician interprets | K4: Baseline set by clinician | L4: S01; S09 | M4: Draft – verify | N4: Use creatinine (D009) rise as companion check
A5: T04 | B5: D010 | C5: BNP / NT-proBNP | D5: pg/mL | E5: Diagnostic cut-offs (ambulatory): BNP ≥ 35, NT-proBNP ≥ 125 | F5: Lower is better; compare with patient's own baseline | G5: n/a | H5: Rising vs patient baseline | I5: n/a | J5: Not used alone; NT-proBNP higher with age, kidney disease; lower with obesity | K5: Baseline set by clinician | L5: S01; S06 | M5: Draft – verify
A6: T05 | B6: D011 | C6: Body weight change | D6: kg | E6: n/a | F6: Stay near 'dry weight' set by clinician | G6: n/a | H6: +1 kg in 1 day or +2.3 kg in 1 week (≈ 2 lb / 5 lb) | I6: Rapid gain with severe breathlessness | J6: Thresholds are common education values; care team may individualize | K6: Yes (dry weight, limits) | L6: S12; S01 | M6: Draft – verify
A7: T06 | B7: D012 | C7: Blood pressure | D7: mmHg | E7: Normal < 120/80 | F7: < 130/80 if hypertension (individualized); priority is tolerating HF medicines | G7: Systolic < 90, or < 100 with dizziness | H7: ≥ 140/90 on repeated readings | I7: Systolic < 80 with symptoms, or ≥ 180/120 | J7: Low BP plus dizziness on several BP-lowering drugs → R09 | K7: Yes (target set by clinician) | L7: S01; hypertension guideline (add to register) | M7: Draft – verify | N7: Add current AHA/ACC hypertension guideline to Source register
A8: T07 | B8: D013 | C8: Resting heart rate | D8: beats/min | E8: 60–100 | F8: Individualized; beta-blocker lowers rate | G8: < 50 (esp. on beta-blocker, digoxin, ivabradine) | H8: > 100 at rest | I8: < 40 or > 120 with symptoms | J8: Irregular rate may suggest atrial fibrillation | K8: Yes | L8: S01; S02 | M8: Draft – verify
A9: T08 | B9: D016 | C9: PHQ-9 score | D9: points | E9: 0–4 minimal; 5–9 mild; 10–14 moderate; 15–19 moderately severe; 20–27 severe | F9: Lower is better | G9: n/a | H9: ≥ 10, or rise ≥ 5 points | I9: Item 9 > 0 (any thoughts of self-harm) | J9: PHQ-2 ≥ 3 → complete PHQ-9 | K9: No | L9: S15 | M9: Draft – verify | N9: Item 9 always triggers urgent pathway
A10: T09 | B10: D014 | C10: Symptoms | D10: n/a | E10: n/a | F10: n/a | G10: n/a | H10: New or worse breathlessness, orthopnea, swelling, dizziness | I10: Chest pain, fainting, severe breathlessness at rest, confusion | J10: Red flags bypass analysis → urgent message | K10: No | L10: S12; S01 | M10: Draft – verify
A11: T10 | B11: D018 | C11: Magnesium | D11: mg/dL | E11: 1.7–2.2 (lab range) | F11: Within range (diuretics, digoxin, arrhythmia risk) | G11: < 1.7 | H11: > 2.6 | I11: < 1.2 | J11: Later priority | K11: No | L11: S01 | M11: Draft – verify
A12: T11 | B12: D019 | C12: INR | D12: ratio | E12: ~1.0 without anticoagulant | F12: 2.0–3.0 for most AF patients on warfarin | G12: < 2.0 | H12: > 3.0 | I12: > 4.5 or any bleeding | J12: Only if on warfarin | K12: Yes (target set by clinician) | L12: S09 | M12: Draft – verify
A13: T12 | B13: D020 | C13: HbA1c | D13: % | E13: < 5.7 | F13: Individualized; often < 7–8% in older adults | G13: n/a | H13: Above individual target | I13: n/a | J13: Later priority | K13: Yes | L13: S04 | M13: Draft – verify
A15: How agents choose which threshold applies (highest priority first):
A16: 1. Patient-specific target set by the clinician (e.g. dry weight, BP goal, INR range).
A17: 2. Reference range reported by the lab with the result (labs differ).
A18: 3. Default values in this sheet.
A19: All values are DRAFT and must be verified by the clinical lead against the listed sources before approval.

Sheet Dictionary guide
A1: Data dictionary guide
A3: A. What to enter in each column
A4: Column | B4: What to enter | C4: Example
A5: Element ID | B5: Unique ID, D + 3 digits. Never reuse an ID. | C5: D007
A6: Data element | B6: Short clinical name. | C6: Potassium
A7: Category | B7: Profile, Medications, Adherence, Labs, Home monitoring, Symptoms, Nutrition, Mental health, Events. | C7: Labs
A8: Definition | B8: One sentence: exactly what is captured, including date/time if needed. | C8: Serum potassium with result date
A9: Data type | B9: Number, Number + date, Coded, Category, Checklist, Tags, Score, Event list. | C9: Number + date
A10: Unit | B10: Standard unit; note conversions if devices differ. | C10: mEq/L
A11: Code system / Code | B11: LOINC for labs, vitals and questionnaires; SNOMED CT or ICD-10 for conditions; RxNorm for medicines. Verify on the official site. | C11: LOINC 2823-3
A12: Data source | B12: Where it comes from: EHR, Patient, Device, Scan, Calculated. | C12: EHR / scan
A13: Frequency | B13: How often it is expected to arrive. | C13: Each result
A14: Valid for analysis | B14: How old a value can be and still be used. Older values are treated as missing. Clinical lead decides. | C14: 90 days; 14 days after MRA start
A15: Priority | B15: MVP = collected from day one. Later = used if available, not requested. | C15: MVP
... A19: Status | B19: Draft – verify, In review, Approved, Retired. | C19: In review
A21: B. How the agents must use the dictionary
A22: Rule for agents | B22: Instruction
A23: 1. Only defined data | B23: Use only data elements listed here. Refer to them by Element ID in every finding (e.g. D007 = 5.6 mEq/L on 2026-09-30, source EHR).
A24: 2. Only confirmed data | B24: Use only items the patient has confirmed and that are reconciled across sources. Ignore pending or conflicting items and point to the Review screen instead.
A25: 3. Respect validity | B25: If the latest value is older than 'Valid for analysis', treat it as missing. Never use an outdated value as current.
A26: 4. Missing is not normal | B26: Never assume a missing value is normal. If a rule needs it, say it is missing and suggest a question, e.g. 'When was your last potassium test?'
A27: 5. Units and dates | B27: Always report value, unit and date. Convert units only using the Unit column (e.g. lb to kg).
A28: 6. Stay in your role | B28: Each agent works mainly with elements where 'Used by agent' includes its role. Other elements may be read for context but not interpreted outside the agent's discipline.
A29: 7. Priority | B29: MVP elements may be requested from the patient. 'Later' elements are used only if already present; never ask the patient for them.
A30: 8. Phenotype | B30: Use the calculated phenotype (D003) based on U.S. definitions. Do not re-derive it.
A31: 9. Red flags first | B31: Red-flag symptoms in D014 and a positive PHQ-9 item 9 in D016 trigger the urgent pathway immediately. Do not wait for analysis.
A32: 10. No new data, no diagnosis | B32: Never request data that is not in this dictionary. Never diagnose or give dosing instructions; findings end with a question for the clinician.
A33: 11. Cite | B33: Every finding cites the Element IDs used and the rule or recommendation card that applies.
A34: 12. Thresholds | B34: Judge values with the Thresholds sheet. Order: (1) clinician's patient-specific target, (2) the lab's reported range, (3) default values. Always state which one was used.
A36: C. Sources needed to complete the dictionary
A37: Category | B37: Sources (IDs in Source register) | C37: What they provide
A38: Profile (diagnosis, LVEF, phenotype, NYHA, comorbidities) | B38: S01 2022 AHA/ACC/HFSA guideline; S05 Universal Definition 2026; S04 CKM guideline 2026 | C38: Definitions, LVEF categories, stages, comorbidities that matter
A39: Medications and adherence | B39: S01; S02 HFrEF pathway 2024; S03 HFpEF pathway 2026; S07 drugs that worsen HF; S08 Beers; S09 FDA labels; S10 RxNorm | C39: Which medicines to capture, harmful drugs, older-adult risks, codes
A40: Labs | B40: S01 monitoring sections; S02 labs during dose changes; S09 label monitoring; S16 LOINC | C40: Which labs, how often, validity windows, codes
A41: Home monitoring and symptoms | B41: S01 self-care; S12 HFSA/AHA patient education; S02 BP and heart rate | C41: Daily weight, BP/HR, warning symptoms, thresholds
A42: Nutrition | B42: S01 nonpharmacological care; S13 SODIUM-HF; S09 labels (potassium) | C42: Sodium, fluids, potassium salt substitutes, alcohol
A43: Mental health | B43: S15 PHQ-2/PHQ-9; S01 psychosocial care; S14 KCCQ (later) | C43: Screening tools, scoring, item 9 safety response
A44: Codes for everything | B44: S16 LOINC; S17 SNOMED CT; S10 RxNorm | C44: Standard codes for engineers

Sheet Rules
A1: Rule ID | B1: Rule name | C1: Category | D1: Drugs / classes involved | E1: Data needed | F1: Condition (logic) | G1: Threshold values | H1: Severity | I1: Question for the patient to ask | J1: Note for the clinician | K1: Source ID | L1: Section / page | M1: Agent | N1: Applies to phenotype | O1: Data sources | P1: Comments | Q1: Review status | R1: Reviewed by | S1: Date reviewed | T1: Domain
A2: R01 | B2: NSAID in heart failure | C2: Drug–disease | D2: NSAIDs (ibuprofen, naproxen, diclofenac, celecoxib) | E2: HF diagnosis; medication list incl. OTC | F2: Patient with HF has an active NSAID | G2: Any use | H2: High | I2: I was given [drug] for pain. Is it safe with my heart failure, and is there a safer option? | J2: NSAIDs can cause sodium/fluid retention, worsen HF and kidney function, and blunt diuretics. | K2: S07; S01 | L2: Verify | M2: Pharmacist | N2: All HF | O2: EHR, scan, patient | P2: Harold/Margaret demo | Q2: Draft – verify | T2: 1. Drugs that worsen HF
A3: R02 | B3: High potassium on an MRA | C3: Lab monitoring | D3: Spironolactone, eplerenone | E3: Potassium (latest, date); MRA active | F3: MRA active AND potassium ≥ threshold | G3: K ≥ 5.5 mEq/L (verify) | H3: High | I3: My potassium was [value]. Should my [MRA] be adjusted? | J3: Guideline recommends stopping the MRA if potassium cannot be kept below the threshold. | K3: S01 | L3: MRA section – verify | M3: Pharmacist + Cardiology | N3: HFrEF | O3: EHR, lab scan | Q3: Draft – verify | T3: 2. Potassium & kidney
A4: R03 | B4: Low kidney function on an MRA | C4: Lab monitoring | D4: Spironolactone, eplerenone | E4: eGFR or creatinine (latest, trend); MRA active | F4: MRA active AND eGFR ≤ threshold | G4: eGFR ≤ 30 mL/min/1.73m² (verify) | H4: High | I4: My kidney test changed. Is [MRA] still right for me? | J4: Check guideline eligibility thresholds for MRA use. | K4: S01 | L4: MRA section – verify | M4: Pharmacist | N4: HFrEF | O4: EHR, lab scan | Q4: Draft – verify | T4: 2. Potassium & kidney
A5: R04 | B5: Non-dihydropyridine calcium channel blocker in HFrEF | C5: Drug–disease | D5: Diltiazem, verapamil | E5: LVEF / phenotype; medication list | F5: HFrEF AND diltiazem or verapamil active | G5: Any use | H5: High | I5: Is [drug] appropriate with my type of heart failure? | J5: Negative inotropes; guideline lists as potentially harmful in HFrEF. | K5: S01; S07 | L5: Verify | M5: Pharmacist + Cardiology | N5: HFrEF | O5: EHR, scan | Q5: Draft – verify | T5: 1. Drugs that worsen HF
A6: R05 | B6: Thiazolidinedione in heart failure | C6: Drug–disease | D6: Pioglitazone, rosiglitazone | E6: HF diagnosis; medication list | F6: HF AND thiazolidinedione active | G6: Any use | H6: High | I6: Is [drug] safe for my heart failure? | J6: Fluid retention and HF worsening. | K6: S01; S07 | L6: Verify | M6: Pharmacist | N6: All HF | O6: EHR, scan | Q6: Draft – verify | T6: 1. Drugs that worsen HF
A7: R06 | B7: ARNI with ACE inhibitor | C7: Drug–drug | D7: Sacubitril/valsartan + any ACE inhibitor | E7: Medication list with start/stop dates | F7: Both active, or ACE inhibitor stopped < 36 h before ARNI start | G7: 36-hour washout | H7: High | I7: I see both [ARNI] and [ACE inhibitor] on my list. Should I be taking both? | J7: Contraindicated combination (angioedema risk) per FDA label. | K7: S09 | L7: Sacubitril/valsartan label – Contraindications | M7: Pharmacist | N7: All HF | O7: EHR, scan | Q7: Draft – verify | T7: 4. Core HF medicines
A8: R07 | B8: Potassium salt substitute with RAAS inhibitor or MRA | C8: Drug–food | D8: ACE inhibitor, ARB, ARNI, MRA | E8: Diet log tag: potassium salt substitute; medication list; potassium | F8: RAAS inhibitor or MRA active AND salt substitute logged | G8: Any use (higher severity if MRA or K rising) | H8: Moderate | I8: I use a salt substitute. Is it safe with my heart medicines? | J8: Most salt substitutes contain potassium chloride. | K8: S09 | L8: Labels – potassium warnings | M8: Pharmacist + Nutrition | N8: All HF | O8: Patient | P8: Margaret HF demo | Q8: Draft – verify | T8: 8. Nutrition
A9: R08 | B9: Rapid weight gain | C9: Home monitoring | D9: Diuretics (context) | E9: Daily weight | F9: Weight increase over 1 day or 7 days above threshold | G9: ≥ 2 lb (~1 kg) in 1 day or ≥ 5 lb (~2.3 kg) in 1 week (verify; clinician may individualize) | H9: Moderate | I9: My weight went up [amount] in [days]. Should I contact my care team? | J9: Possible fluid retention; review diuretic plan. | K9: S12 | L9: Self-care education – verify | M9: Cardiology | N9: All HF | O9: Scale, patient | P9: Margaret HF demo | Q9: Draft – verify | T9: 3. Diuretics & congestion
A10: R09 | B10: Low blood pressure with symptoms on several BP-lowering drugs | C10: Home monitoring | D10: Beta-blockers, ACEi/ARB/ARNI, MRA, diuretics, SGLT2i | E10: Home BP; dizziness/falls; medication list | F10: ≥ 2 BP-lowering drugs AND low systolic readings AND dizziness | G10: Systolic < 90 mmHg on ≥ 2 readings (verify) | H10: Moderate | I10: I feel dizzy and my blood pressure is low. Should my medicines be reviewed? | J10: Consider timing and dosing; review in context of HF therapy priorities. | K10: S02 | L10: Verify | M10: Cardiology | N10: All HF | O10: BP cuff, patient | Q10: Draft – verify | T10: 5. BP & heart rate
A11: R10 | B11: DPP-4 inhibitor linked to HF hospitalization | C11: Drug–disease | D11: Saxagliptin, alogliptin | E11: HF diagnosis; medication list | F11: HF AND saxagliptin or alogliptin active | G11: Any use | H11: Moderate | I11: Is [drug] the best diabetes medicine for someone with heart failure? | J11: Associated with increased HF hospitalization in trials. | K11: S01; S04 | L11: Verify | M11: Pharmacist | N11: All HF | O11: EHR, scan | Q11: Draft – verify | T11: 6. Comorbidity medicines
A12: R11 | B12: Low potassium on diuretic or digoxin | C12: Lab monitoring | D12: Loop/thiazide diuretics, digoxin | E12: D007 potassium; D005 medications | F12: Potassium below alert LOW (T01) | G12: T01: < 3.5 mEq/L (urgent < 3.0) | H12: Moderate | I12: My potassium is low. Do my medicines or supplements need review? | J12: Higher arrhythmia risk, especially with digoxin. | K12: S01; S09 | L12: Verify | M12: Pharmacist | N12: All HF | O12: EHR, scan | P12: High if on digoxin | Q12: Draft – verify | T12: 2. Potassium & kidney
A13: R12 | B13: Low sodium | C13: Lab monitoring | D13: Diuretics (context) | E13: D008 sodium | F13: Sodium below alert LOW (T02) | G13: T02: < 130 mEq/L (urgent < 125) | H13: Moderate | I13: My sodium was low. Should my care team review it? | J13: Often diuretic-related; trend matters. | K13: S01 | L13: Verify | M13: Pharmacist + Cardiology | N13: All HF | O13: EHR, scan | P13: Urgent if < 125 | Q13: Draft – verify | T13: 2. Potassium & kidney
A14: R13 | B14: Kidney function falling from baseline | C14: Lab monitoring | D14: RAAS inhibitors, ARNI, MRA, SGLT2i, diuretics | E14: D009 eGFR/creatinine trend | F14: eGFR drop from patient baseline above threshold (T03) | G14: T03: drop ≥ 30% from baseline (verify) | H14: High | I14: My kidney test dropped. Do my medicines need review? | J14: Some rise in creatinine is expected after starting RAAS/SGLT2i; clinician interprets. | K14: S01 | L14: Verify | M14: Pharmacist | N14: All HF | O14: EHR, scan | P14: Baseline set by clinician | Q14: Draft – verify | T14: 2. Potassium & kidney
A15: R14 | B15: Metformin with severely reduced kidney function | C15: Drug–disease | D15: Metformin | E15: D009 eGFR; D005 medications | F15: Metformin active AND eGFR < 30 | G15: eGFR < 30 (FDA label; verify) | H15: High | I15: My kidney test changed. Is metformin still safe for me? | J15: Contraindicated below the label threshold. | K15: S09 | L15: Metformin label – Contraindications | M15: Pharmacist | N15: All HF | O15: EHR, scan | Q15: Draft – verify | T15: 6. Comorbidity medicines
A16: R15 | B16: Natriuretic peptide rising | C16: Lab monitoring | D16: n/a | E16: D010 BNP/NT-proBNP trend | F16: Value rising compared with patient baseline (T04) | G16: T04: rise vs baseline (define % with clinician) | H16: Moderate | I16: My BNP went up. What does that mean for my treatment? | J16: Interpret with symptoms, weight, kidney function. | K16: S01 | L16: Verify | M16: Cardiology | N16: All HF | O16: EHR, scan | P16: Not used alone | Q16: Draft – verify | T16: 3. Diuretics & congestion
A17: R16 | B17: Repeated high blood pressure | C17: Home monitoring | D17: BP-lowering medicines (context) | E17: D012 blood pressure | F17: Repeated readings above alert HIGH (T06) | G17: T06: ≥ 140/90 on repeated readings (patient target overrides) | H17: Low | I17: My home blood pressure is often high. Should my treatment be reviewed? | J17: Check adherence and technique; individualize target. | K17: S01; hypertension guideline | L17: Verify | M17: Cardiology | N17: All HF | O17: BP cuff, patient | P17: Urgent if ≥ 180/120 (see R21) | Q17: Draft – verify | T17: 5. BP & heart rate
A18: R17 | B18: Slow resting heart rate on rate-lowering drugs | C18: Home monitoring | D18: Beta-blockers, digoxin, ivabradine, diltiazem, verapamil, amiodarone | E18: D013 heart rate; D014 dizziness/fatigue | F18: Rate-lowering drug active AND resting HR below alert LOW (T07) | G18: T07: < 50 bpm (urgent < 40 with symptoms) | H18: Moderate | I18: My heart rate is often below 50. Should my medicines be checked? | J18: Consider dose and drug combinations. | K18: S01; S02 | L18: Verify | M18: Cardiology + Pharmacist | N18: All HF | O18: Device | Q18: Draft – verify | T18: 5. BP & heart rate
A19: R18 | B19: Fast or irregular resting heart rate | C19: Home monitoring | D19: n/a | E19: D013 heart rate | F19: Resting HR above alert HIGH (T07) or device reports irregular rhythm | G19: T07: > 100 bpm at rest | H19: Moderate | I19: My resting heart rate is high or irregular. Should I contact my care team? | J19: Possible atrial fibrillation or decompensation. | K19: S01 | L19: Verify | M19: Cardiology | N19: All HF | O19: Device | Q19: Draft – verify | T19: 5. BP & heart rate
A20: R19 | B20: Depression screening positive or worsening | C20: Mental health | D20: Antidepressants, psychotropics (context) | E20: D016 PHQ-2/PHQ-9; D006 missed doses | F20: PHQ-9 ≥ 10, or rise ≥ 5 points, or PHQ-2 ≥ 3 without follow-up | G20: T08 | H20: Moderate | I20: My mood has been low. Could this be affecting my treatment, and what support is available? | J20: Depression lowers adherence and worsens HF outcomes. | K20: S15; S01 | L20: Verify | M20: Behavioral health | N20: All HF | O20: Patient | Q20: Draft – verify | T20: 9. Mental health & adherence
A21: R20 | B21: Missed doses | C21: Adherence | D21: All HF medicines | E21: D006 missed doses and reason | F21: ≥ 2 missed doses of HF medicines in 7 days (verify) | G21: Define with clinician | H21: Moderate | I21: I've missed some doses because of [reason]. Can we find a plan that works for me? | J21: Reason guides solution (cost, side effects, diuretic timing). | K21: S01 | L21: Verify | M21: Behavioral health + Pharmacist | N21: All HF | O21: Patient | Q21: Draft – verify | T21: 9. Mental health & adherence
A22: R21 | B22: Red-flag symptoms or readings | C22: Symptom | D22: n/a | E22: D014 symptoms; D012 BP; D013 HR | F22: Chest pain, fainting, severe breathlessness at rest, confusion; or urgent BP/HR values (T06, T07) | G22: T09; T06 urgent; T07 urgent | H22: Urgent | I22: Immediate message: call 911 for emergencies or contact your care team now. | J22: Bypasses analysis; urgent pathway. | K22: S12; S01 | L22: Verify | M22: All | N22: All HF | O22: Patient, device | P22: Never wait for agents | Q22: Draft – verify | T22: 10. Red flags
A23: R22 | B23: Thoughts of self-harm (PHQ-9 item 9) | C23: Mental health | D23: n/a | E23: D016 PHQ-9 item 9 | F23: Item 9 answered above 'Not at all' | G23: T08: item 9 > 0 | H23: Urgent | I23: Immediate supportive message with 988 Suicide & Crisis Lifeline and 911; encourage contacting clinician. | J23: Bypasses analysis; urgent pathway. | K23: S15 | L23: Verify | M23: Behavioral health | N23: All HF | O23: Patient | P23: Never wait for agents | Q23: Draft – verify | T23: 10. Red flags

Sheet Recommendation cards
A1: Card ID | B1: Topic | C1: Recommendation (own words) | D1: Class of recommendation | E1: Level of evidence | F1: Population / phenotype | G1: Drug / class tags | H1: Lab / data tags | I1: Used by agent | J1: Patient-friendly version | K1: Source ID | L1: Section / page | M1: Review status | N1: Reviewed by | O1: Date reviewed | P1: Related rule IDs | Q1: Domain
A2: C01 | B2: MRA use and monitoring | C2: In HFrEF, mineralocorticoid receptor antagonists are recommended for eligible patients (adequate kidney function and potassium). Potassium and kidney function should be checked when starting and regularly afterwards. | D2: 1 (verify) | E2: A (verify) | F2: HFrEF | G2: MRA; spironolactone; eplerenone | H2: Potassium; eGFR; creatinine | I2: Pharmacist + Cardiology | J2: This medicine helps your heart work better, but it can raise potassium. Regular blood tests keep it safe. | K2: S01 | L2: MRA section | M2: Draft – verify | P2: R02; R03 | Q2: 2. Potassium & kidney
A3: C02 | B3: Avoid NSAIDs | C3: Drugs that cause fluid retention or worsen heart function, such as NSAIDs, should be avoided in patients with heart failure when possible. | D3: Verify | E3: Verify | F3: All HF | G3: NSAIDs | H3: Symptoms; weight; creatinine | I3: Pharmacist | J3: Common pain medicines like ibuprofen and naproxen can make heart failure worse. Ask your doctor or pharmacist about safer options. | K3: S01; S07 | L3: Verify | M3: Draft – verify | P3: R01 | Q3: 1. Drugs that worsen HF
A4: C03 | B4: Non-dihydropyridine CCBs in HFrEF | C4: Diltiazem and verapamil can weaken heart contraction and are considered potentially harmful in HFrEF. | D4: Verify | E4: Verify | F4: HFrEF | G4: Diltiazem; verapamil | H4: LVEF | I4: Pharmacist + Cardiology | J4: Some blood pressure and heart rhythm medicines are not recommended for your type of heart failure. Your doctor can confirm if yours is appropriate. | K4: S01; S07 | L4: Verify | M4: Draft – verify | P4: R04 | Q4: 1. Drugs that worsen HF
A5: C04 | B5: Daily weight monitoring | C5: Patients should weigh themselves daily and know when weight gain should prompt contact with their care team, as part of heart failure self-care. | D5: n/a | E5: n/a | F5: All HF | G5: Diuretics | H5: Daily weight; swelling; breathlessness | I5: Cardiology | J5: Weigh yourself every morning. Fast weight gain can mean fluid build-up, even before you feel worse. | K5: S12; S01 | L5: Self-care section | M5: Draft – verify | P5: R08 | Q5: 3. Diuretics & congestion
A6: C05 | B6: Sodium intake | C6: Avoiding excessive sodium is reasonable in heart failure; trial evidence (SODIUM-HF) did not show fewer clinical events with stricter restriction, so messaging should avoid extreme limits. | D6: 2a (verify) | E6: Verify | F6: All HF | G6: Diuretics | H6: Diet log: high-sodium meals | I6: Nutrition | J6: Try to avoid very salty foods. Your care team can tell you what level is right for you. | K6: S01; S13 | L6: Nonpharmacological interventions | M6: Draft – verify | Q6: 8. Nutrition
A7: C06 | B7: SGLT2 inhibitors across the EF spectrum | C7: SGLT2 inhibitors reduce heart failure hospitalization and are recommended in HFrEF and reasonable in HFpEF per current U.S. documents; check updates in the 2026 HFpEF pathway. | D7: Verify | E7: Verify | F7: HFrEF; HFpEF | G7: SGLT2i; dapagliflozin; empagliflozin | H7: eGFR; glucose; genital infection symptoms | I7: Pharmacist + Cardiology | J7: This medicine can lower the chance of being hospitalized for heart failure, whether or not you have diabetes. | K7: S01; S02; S03 | L7: Verify | M7: Draft – verify | Q7: 4. Core HF medicines

Sheet Test cases
A1: Test ID | B1: Domain | C1: Scenario (synthetic patient) | D1: Input data | E1: Expected rule IDs | F1: Expected severity | G1: Expected question / output | H1: Must NOT say | I1: Source ID | J1: Status | K1: Last result | L1: Notes
A2: TC01 | B2: 1. Drugs that worsen HF | C2: Harold, 68, HF on warfarin and aspirin; urgent care prescribes naproxen | D2: Naproxen confirmed from scan; HF diagnosis; warfarin; aspirin | E2: R01 | F2: High | G2: Question about naproxen safety with heart failure and blood thinners; safer pain option | H2: 'Stop taking naproxen' | I2: S01; S07 | J2: Draft
A3: TC02 | B3: 2. Potassium & kidney | C3: Margaret, 72, HFpEF on spironolactone; new potassium 5.6 | D3: Potassium 5.6 mEq/L; spironolactone active | E3: R02 | F3: High | G3: Question whether spironolactone should be adjusted given potassium | H3: Any dose change instruction | I3: S01 | J3: Draft | L3: Check R02 applies to HFpEF too
A4: TC03 | B4: 8. Nutrition | C4: Margaret uses a potassium salt substitute while on lisinopril and spironolactone | D4: Diet tag: potassium salt substitute; lisinopril; spironolactone | E4: R07 | F4: Moderate | G4: Question about salt substitute with her heart medicines | H4: 'Your potassium is dangerous' | I4: S09 | J4: Draft
A5: TC04 | B5: 3. Diuretics & congestion | C5: Margaret's weight rises 2.5 kg over 5 days with more breathlessness | D5: Daily weights; symptom: breathlessness | E5: R08 | F5: Moderate | G5: Question whether to contact care team about weight gain | H5: 'Take an extra diuretic dose' | I5: S12 | J5: Draft
A6: TC05 | B6: 1. Drugs that worsen HF | C6: NEGATIVE TEST: HFpEF patient on diltiazem for atrial fibrillation | D6: LVEF 60%; diltiazem active | E6: None (R04 is HFrEF only) | F6: None | G6: No high-severity flag for diltiazem | H6: Flag diltiazem as harmful | I6: S01 | J6: Draft | L6: Confirms phenotype logic works
A7: TC06 | B7: 10. Red flags | C7: Patient answers PHQ-9 item 9 above 'Not at all' | D7: PHQ-9 item 9 = 1 | E7: Urgent pathway | F7: Urgent | G7: Immediate supportive message with 988 and 911; encourage contacting clinician | H7: Waiting for agent analysis | I7: S15 | J7: Draft

Sheet Lists
A1: Source type | B1: Scope | C1: Audience | D1: License status | E1: Full text storable | F1: Source status | G1: Rule category | H1: Severity | I1: Agent | J1: Review status | K1: Domain | L1: Domain status | M1: Data source | N1: Priority | O1: Test status
A2: Guideline | B2: All HF | C2: Clinician | D2: Public domain | E2: Yes | F2: Current | G2: Drug–disease | H2: High | I2: Pharmacist | J2: Draft – verify | K2: 1. Drugs that worsen HF | L2: Not started | M2: EHR | N2: MVP | O2: Draft
A3: Decision pathway | B3: HFrEF | C3: Patient | D3: Copyrighted – permission needed | E3: No | F3: Superseded | G3: Drug–drug | H3: Moderate | I3: Cardiology | J3: In review | K3: 2. Potassium & kidney | L3: In progress | M3: Patient | N3: Later | O3: Ready
A4: Scientific statement | B4: HFpEF | C4: Both | D4: Licensed product – purchase | E4: To check | F4: To verify | G4: Drug–food | H4: Low | I4: Nutrition | J4: Approved | K4: 3. Diuretics & congestion | L4: In review | M4: Device | O4: Passed
A5: Consensus definition | B5: Older adults | D5: Free with registration | G5: Lab monitoring | H5: Urgent | I5: Behavioral health | J5: Retired | K5: 4. Core HF medicines | L5: Done | M5: Scan | O5: Failed
A6: Criteria | B6: Kidney / diabetes | D6: To check | G6: Home monitoring | I6: Pharmacist + Cardiology | K6: 5. BP & heart rate | M6: EHR / scan
A7: Drug label | B7: Drug information | G7: Symptom | I7: Pharmacist + Nutrition | K7: 6. Comorbidity medicines | M7: EHR / patient
A8: Drug database | B8: Self-care | G8: Adherence | I8: All | K8: 7. Older adults | M8: Device / patient
A9: Terminology | G9: Mental health | K9: 8. Nutrition | M9: Calculated
A10: Patient education | K10: 9. Mental health & adherence
A11: Trial | K11: 10. Red flags
A12: Questionnaire
